Frame,X,Y
0,646,741
0,664,801
0,701,851
0,757,888
0,824,911
0,895,920
0,962,915
0,1023,890
0,1072,851
0,1099,799
0,1113,740
0,811,754
0,847,738
0,880,728
0,902,735
0,923,731
0,955,745
0,986,767
0,954,780
0,922,782
0,900,781
0,877,778
0,845,772
0,826,755
0,879,753
0,901,756
0,922,756
0,972,765
0,922,757
0,901,756
0,879,752
0,861,668
0,883,674
0,904,679
0,922,676
0,942,674
1,646,739
1,666,798
1,704,847
1,761,884
1,826,909
1,896,918
1,963,913
1,1024,886
1,1072,847
1,1101,797
1,1115,739
1,806,753
1,843,738
1,876,728
1,898,735
1,919,730
1,950,744
1,983,765
1,950,778
1,919,779
1,897,779
1,875,777
1,842,771
1,822,755
1,875,752
1,897,755
1,918,755
1,969,764
1,919,754
1,898,754
1,876,751
1,859,669
1,881,675
1,903,680
1,922,678
1,942,674
2,648,745
2,669,805
2,708,854
2,765,890
2,832,913
2,900,919
2,965,914
2,1024,889
2,1071,850
2,1100,800
2,1115,742
2,810,755
2,847,739
2,880,729
2,902,735
2,922,731
2,953,745
2,986,766
2,954,779
2,924,780
2,902,780
2,879,778
2,846,772
2,826,756
2,879,753
2,901,756
2,922,755
2,972,765
2,923,756
2,902,756
2,880,753
2,860,668
2,881,674
2,903,679
2,922,677
2,942,674
3,647,746
3,667,805
3,707,854
3,763,890
3,828,915
3,896,922
3,963,917
3,1022,890
3,1070,852
3,1098,803
3,1112,745
3,806,752
3,843,739
3,877,729
3,899,736
3,922,732
3,953,746
3,986,764
3,952,778
3,921,779
3,898,779
3,874,776
3,841,769
3,822,754
3,875,753
3,899,756
3,921,755
3,971,764
3,921,753
3,899,754
3,876,750
3,859,668
3,881,675
3,902,680
3,922,677
3,942,674
4,647,744
4,668,804
4,709,852
4,767,887
4,832,911
4,899,919
4,964,914
4,1023,889
4,1071,851
4,1099,801
4,1114,743
4,808,755
4,847,740
4,880,730
4,902,736
4,923,732
4,955,746
4,989,766
4,955,780
4,924,781
4,902,781
4,879,779
4,845,773
4,824,756
4,879,754
4,901,757
4,923,756
4,974,765
4,924,757
4,903,757
4,881,754
4,859,669
4,881,675
4,904,680
4,924,677
4,944,674
5,649,745
5,670,805
5,710,855
5,767,892
5,833,917
5,903,925
5,970,918
5,1029,890
5,1074,848
5,1100,796
5,1114,738
5,808,756
5,845,740
5,879,731
5,903,737
5,926,733
5,957,746
5,989,766
5,957,781
5,926,782
5,902,783
5,877,780
5,844,774
5,824,758
5,878,755
5,902,758
5,926,758
5,974,766
5,926,757
5,903,758
5,879,754
5,858,668
5,880,675
5,903,681
5,923,677
5,944,673
6,646,739
6,666,798
6,704,847
6,760,884
6,823,912
6,893,922
6,961,918
6,1021,892
6,1069,855
6,1096,804
6,1110,746
6,810,757
6,846,740
6,879,730
6,901,736
6,922,733
6,952,748
6,985,770
6,951,783
6,920,784
6,898,783
6,876,780
6,844,775
6,826,758
6,877,755
6,899,758
6,921,758
6,970,769
6,921,757
6,900,757
6,878,753
6,859,673
6,880,678
6,901,682
6,920,680
6,940,679
7,647,744
7,668,804
7,707,854
7,762,890
7,825,916
7,891,925
7,955,920
7,1013,894
7,1062,857
7,1093,808
7,1109,750
7,811,757
7,846,741
7,879,732
7,901,738
7,923,735
7,952,748
7,983,768
7,951,781
7,920,783
7,897,783
7,874,780
7,843,775
7,826,758
7,877,756
7,900,759
7,922,759
7,969,767
7,921,757
7,899,758
7,876,754
7,858,669
7,880,677
7,902,683
7,923,680
7,944,675
8,648,749
8,669,809
8,707,858
8,763,894
8,827,920
8,897,926
8,964,921
8,1022,894
8,1069,856
8,1097,806
8,1111,749
8,808,758
8,844,741
8,878,732
8,901,738
8,922,734
8,953,749
8,986,769
8,953,782
8,922,783
8,900,784
8,876,781
8,842,776
8,824,760
8,877,757
8,900,760
8,921,760
8,971,769
8,922,757
8,900,758
8,878,755
8,857,669
8,880,675
8,903,682
8,923,678
8,944,675
9,648,750
9,669,809
9,707,857
9,763,893
9,828,918
9,896,925
9,963,920
9,1022,895
9,1069,856
9,1097,805
9,1111,747
9,808,758
9,845,742
9,878,733
9,901,740
9,922,736
9,951,749
9,983,768
9,950,781
9,921,782
9,899,782
9,875,780
9,843,775
9,824,760
9,877,758
9,900,761
9,922,761
9,968,768
9,921,757
9,900,758
9,877,754
9,858,669
9,879,677
9,901,683
9,922,680
9,943,676
10,647,746
10,668,807
10,706,857
10,762,894
10,827,919
10,896,926
10,962,920
10,1021,893
10,1067,855
10,1095,805
10,1109,748
10,809,759
10,844,742
10,877,732
10,900,739
10,921,735
10,950,749
10,981,769
10,950,781
10,921,783
10,898,783
10,874,781
10,842,775
10,825,760
10,876,757
10,899,760
10,920,759
10,966,769
10,921,758
10,899,759
10,876,755
10,857,669
10,879,677
10,901,684
10,922,680
10,942,676
11,646,744
11,665,804
11,703,855
11,759,893
11,825,919
11,896,926
11,965,920
11,1025,892
11,1072,851
11,1099,799
11,1113,740
11,810,758
11,845,741
11,879,732
11,902,738
11,925,734
11,956,748
11,987,769
11,956,782
11,925,785
11,900,785
11,876,783
11,843,776
11,825,759
11,877,757
11,901,760
11,924,760
11,973,768
11,925,760
11,901,761
11,878,757
11,857,668
11,880,675
11,902,681
11,922,677
11,943,674
12,646,744
12,666,805
12,704,855
12,760,894
12,823,920
12,890,927
12,955,922
12,1013,895
12,1061,856
12,1093,805
12,1110,747
12,805,756
12,843,741
12,877,731
12,898,737
12,919,734
12,949,747
12,981,767
12,948,780
12,917,781
12,895,781
12,873,779
12,840,774
12,821,757
12,875,755
12,897,758
12,918,758
12,966,767
12,918,756
12,896,756
12,875,752
12,855,667
12,878,674
12,900,680
12,921,677
12,942,673
13,644,743
13,666,805
13,706,855
13,761,895
13,827,922
13,895,930
13,962,924
13,1021,894
13,1067,853
13,1095,802
13,1109,744
13,806,757
13,842,741
13,875,731
13,897,737
13,918,733
13,950,747
13,984,770
13,950,784
13,918,786
13,896,785
13,873,782
13,841,776
13,823,759
13,874,756
13,896,758
13,917,759
13,969,769
13,918,760
13,897,759
13,875,755
13,855,667
13,877,675
13,900,681
13,921,677
13,942,673
14,645,740
14,665,802
14,703,852
14,758,891
14,822,919
14,892,930
14,959,926
14,1018,897
14,1066,855
14,1095,802
14,1110,742
14,806,758
14,842,742
14,875,731
14,897,738
14,918,733
14,948,748
14,980,769
14,947,784
14,917,785
14,895,785
14,872,782
14,840,776
14,822,760
14,874,756
14,896,759
14,917,759
14,965,769
14,917,758
14,896,758
14,874,755
14,854,666
14,877,674
14,899,680
14,920,676
14,941,671
15,646,742
15,665,803
15,700,855
15,755,895
15,819,922
15,888,932
15,955,927
15,1015,901
15,1064,860
15,1094,808
15,1110,748
15,808,759
15,844,742
15,877,732
15,898,739
15,920,735
15,950,749
15,981,771
15,948,784
15,917,787
15,894,786
15,871,783
15,840,776
15,823,760
15,875,757
15,897,761
15,919,761
15,966,770
15,918,760
15,896,760
15,874,756
15,855,666
15,877,673
15,900,679
15,921,676
15,941,671
16,645,743
16,665,805
16,701,856
16,756,895
16,822,923
16,892,932
16,960,926
16,1020,898
16,1066,856
16,1094,804
16,1109,746
16,808,759
16,842,741
16,875,731
16,897,738
16,918,733
16,948,748
16,979,771
16,947,787
16,916,788
16,894,788
16,871,785
16,840,778
16,823,760
16,873,758
16,896,761
16,917,761
16,964,770
16,917,761
16,895,761
16,874,757
16,854,665
16,876,673
16,899,680
16,920,676
16,940,672
17,646,743
17,665,804
17,702,856
17,757,897
17,821,926
17,890,936
17,959,931
17,1020,903
17,1066,859
17,1094,806
17,1109,746
17,806,759
17,840,741
17,873,731
17,897,738
17,920,734
17,951,748
17,984,771
17,950,788
17,919,792
17,894,791
17,870,788
17,839,779
17,822,761
17,872,758
17,896,760
17,919,761
17,968,771
17,919,763
17,896,764
17,873,759
17,854,666
17,876,674
17,899,681
17,919,678
17,939,674
18,646,745
18,667,806
18,704,857
18,758,898
18,822,926
18,892,936
18,960,930
18,1021,901
18,1067,857
18,1096,804
18,1111,745
18,807,758
18,842,742
18,875,731
18,897,738
18,919,734
18,950,749
18,981,771
18,949,789
18,917,792
18,894,791
18,870,788
18,839,780
18,824,761
18,874,758
18,896,762
18,918,762
18,966,771
18,918,763
18,895,763
18,873,759
18,855,666
18,877,674
18,899,680
18,920,676
18,940,671
19,645,742
19,665,804
19,701,856
19,755,898
19,819,928
19,891,937
19,961,931
19,1020,902
19,1065,858
19,1093,803
19,1108,744
19,808,761
19,842,742
19,874,731
19,896,739
19,918,735
19,948,751
19,979,773
19,947,789
19,917,793
19,894,792
19,871,789
19,840,780
19,824,762
19,873,759
19,895,763
19,917,762
19,964,772
19,918,764
19,896,764
19,873,759
19,855,665
19,877,672
19,899,679
19,919,676
19,940,672
20,647,751
20,668,812
20,706,861
20,758,902
20,822,929
20,890,938
20,957,932
20,1018,905
20,1065,861
20,1094,808
20,1110,748
20,807,760
20,841,740
20,875,730
20,897,737
20,920,733
20,950,749
20,981,773
20,949,790
20,918,795
20,894,794
20,870,791
20,839,781
20,824,762
20,873,757
20,896,760
20,919,761
20,965,772
20,919,765
20,896,765
20,873,761
20,854,666
20,877,673
20,899,679
20,920,676
20,941,673
21,645,744
21,665,805
21,702,856
21,755,897
21,819,926
21,890,936
21,960,931
21,1020,902
21,1066,858
21,1095,804
21,1111,745
21,809,758
21,842,740
21,876,731
21,898,738
21,920,734
21,951,749
21,980,773
21,950,790
21,919,794
21,896,793
21,873,790
21,841,780
21,825,761
21,875,760
21,897,763
21,918,763
21,966,772
21,919,765
21,897,766
21,875,761
21,856,663
21,878,671
21,900,677
21,921,675
21,941,671
22,645,743
22,665,805
22,704,856
22,758,898
22,823,927
22,894,937
22,963,929
22,1022,901
22,1068,856
22,1095,803
22,1111,745
22,809,760
22,843,741
22,876,730
22,898,737
22,919,733
22,949,749
22,979,772
22,948,790
22,919,793
22,896,792
22,873,789
22,841,780
22,825,762
22,874,759
22,897,762
22,919,762
22,964,771
22,919,764
22,898,764
22,875,760
22,855,662
22,878,670
22,901,677
22,921,673
22,942,669
23,644,742
23,664,802
23,702,853
23,758,891
23,823,920
23,893,929
23,962,922
23,1024,894
23,1070,851
23,1097,798
23,1112,740
23,810,759
23,843,740
23,876,728
23,897,736
23,917,731
23,946,748
23,976,772
23,945,788
23,917,792
23,895,791
23,873,788
23,842,778
23,826,760
23,875,757
23,896,760
23,917,760
23,962,771
23,917,764
23,896,763
23,875,759
23,856,663
23,878,670
23,899,676
23,919,674
23,940,671
24,645,744
24,665,804
24,702,854
24,754,895
24,818,924
24,890,934
24,959,928
24,1019,900
24,1065,857
24,1094,803
24,1110,744
24,811,759
24,843,741
24,876,730
24,898,737
24,919,733
24,949,749
24,978,771
24,948,790
24,918,793
24,895,792
24,872,789
24,841,779
24,826,761
24,875,759
24,897,762
24,918,762
24,963,771
24,918,765
24,897,765
24,875,760
24,855,662
24,877,669
24,900,676
24,921,673
24,942,668
25,646,744
25,666,805
25,703,857
25,759,896
25,824,923
25,893,934
25,961,928
25,1020,901
25,1066,859
25,1094,806
25,1110,748
25,811,759
25,844,741
25,877,730
25,898,737
25,919,733
25,948,750
25,979,774
25,947,791
25,918,794
25,896,793
25,873,790
25,842,780
25,827,761
25,875,756
25,897,759
25,918,760
25,964,773
25,919,767
25,898,767
25,875,762
25,856,664
25,877,672
25,899,678
25,918,675
25,939,673
26,645,741
26,666,803
26,703,855
26,758,895
26,820,924
26,886,934
26,951,930
26,1010,903
26,1057,861
26,1088,809
26,1106,751
26,811,760
26,843,740
26,875,728
26,898,735
26,919,730
26,948,748
26,975,774
26,946,793
26,917,797
26,894,797
26,871,794
26,841,784
26,827,762
26,873,756
26,896,760
26,918,760
26,960,773
26,918,768
26,896,768
26,873,763
26,855,662
26,877,671
26,899,677
26,920,674
26,941,669
27,644,740
27,665,803
27,703,855
27,757,896
27,821,928
27,890,938
27,958,930
27,1016,898
27,1063,855
27,1093,802
27,1109,744
27,806,760
27,841,741
27,874,729
27,895,736
27,915,732
27,944,749
27,972,775
27,942,794
27,913,798
27,892,798
27,869,794
27,838,785
27,822,763
27,872,757
27,894,760
27,914,761
27,957,774
27,914,768
27,894,768
27,872,763
27,855,662
27,877,669
27,899,675
27,920,672
27,941,667
28,646,742
28,668,804
28,706,856
28,760,898
28,822,928
28,890,936
28,957,930
28,1018,900
28,1065,855
28,1094,801
28,1111,742
28,810,760
28,841,738
28,875,726
28,898,733
28,920,729
28,949,746
28,978,773
28,947,796
28,917,802
28,893,802
28,869,798
28,839,787
28,827,762
28,873,755
28,896,758
28,919,758
28,962,772
28,918,769
28,895,769
28,873,765
28,856,664
28,877,671
28,898,677
28,919,675
28,939,672
29,644,746
29,664,807
29,702,859
29,757,900
29,822,928
29,891,936
29,958,930
29,1017,901
29,1064,859
29,1093,807
29,1109,749
29,808,761
29,842,739
29,875,726
29,897,734
29,917,729
29,946,747
29,975,773
29,944,793
29,915,798
29,893,798
29,870,795
29,839,785
29,825,762
29,873,756
29,896,759
29,916,759
29,960,772
29,916,766
29,895,767
29,873,763
29,857,665
29,878,671
29,898,676
29,917,674
29,937,671
30,646,739
30,665,800
30,703,853
30,756,895
30,818,924
30,886,935
30,953,929
30,1012,901
30,1059,860
30,1090,809
30,1108,750
30,806,760
30,839,739
30,872,727
30,894,733
30,915,730
30,946,747
30,975,773
30,944,793
30,913,798
30,891,798
30,867,795
30,836,785
30,823,762
30,871,755
30,893,758
30,914,757
30,959,773
30,914,768
30,892,768
30,870,764
30,856,662
30,876,670
30,897,676
30,918,673
30,937,669
31,645,743
31,665,803
31,703,857
31,757,899
31,821,929
31,890,937
31,958,930
31,1017,901
31,1064,857
31,1094,806
31,1110,749
31,805,761
31,838,737
31,872,725
31,894,731
31,917,728
31,947,745
31,977,773
31,945,795
31,914,801
31,890,800
31,866,797
31,834,786
31,822,762
31,870,755
31,893,757
31,916,757
31,960,773
31,915,769
31,892,768
31,869,765
31,855,665
31,876,670
31,898,675
31,918,673
31,938,670
32,646,750
32,667,811
32,704,864
32,757,906
32,821,935
32,890,943
32,959,936
32,1016,904
32,1063,860
32,1091,807
32,1107,749
32,805,763
32,837,738
32,872,725
32,894,731
32,916,728
32,946,746
32,974,776
32,944,798
32,914,803
32,890,802
32,867,799
32,834,789
32,822,764
32,871,753
32,893,756
32,915,756
32,958,775
32,914,769
32,892,769
32,870,765
32,855,662
32,877,669
32,899,676
32,919,672
32,939,668
33,641,739
33,658,804
33,694,860
33,747,906
33,811,939
33,880,951
33,947,944
33,1007,913
33,1055,869
33,1087,815
33,1104,754
33,805,767
33,837,741
33,871,726
33,893,733
33,915,729
33,944,748
33,970,780
33,942,804
33,911,809
33,888,808
33,864,805
33,833,795
33,822,768
33,869,755
33,891,757
33,913,758
33,954,778
33,912,776
33,890,775
33,868,771
33,853,663
33,875,670
33,897,676
33,918,672
33,939,668
34,643,747
34,663,810
34,700,865
34,752,909
34,814,939
34,884,951
34,950,943
34,1008,914
34,1055,869
34,1086,815
34,1104,755
34,806,763
34,840,741
34,873,728
34,894,735
34,916,732
34,945,750
34,976,777
34,943,797
34,912,800
34,889,798
34,867,796
34,837,788
34,823,765
34,871,756
34,893,758
34,914,759
34,960,776
34,913,773
34,891,772
34,870,768
34,855,665
34,876,673
34,897,678
34,917,676
34,937,673
35,644,751
35,665,814
35,702,868
35,756,910
35,819,938
35,888,946
35,953,938
35,1011,908
35,1059,864
35,1089,811
35,1107,751
35,803,758
35,840,740
35,875,728
35,897,735
35,918,732
35,948,748
35,981,771
35,945,785
35,914,785
35,891,784
35,868,782
35,837,777
35,818,760
35,873,753
35,895,756
35,917,757
35,965,770
35,915,759
35,893,758
35,871,756
35,854,663
35,876,670
35,899,677
35,920,673
35,941,669
36,643,744
36,662,807
36,700,861
36,754,903
36,819,933
36,887,943
36,953,937
36,1011,906
36,1059,861
36,1090,807
36,1106,746
36,803,757
36,842,739
36,876,728
36,897,734
36,919,731
36,949,747
36,982,770
36,946,785
36,915,785
36,892,784
36,869,782
36,838,776
36,820,760
36,874,749
36,896,752
36,917,753
36,967,769
36,916,760
36,894,759
36,872,756
36,855,664
36,877,671
36,899,678
36,920,674
36,942,670
37,645,745
37,666,809
37,703,863
37,756,908
37,819,939
37,887,949
37,952,941
37,1011,910
37,1058,864
37,1089,810
37,1107,750
37,810,762
37,844,741
37,876,728
37,897,735
37,918,731
37,950,749
37,982,774
37,948,792
37,916,797
37,894,796
37,871,793
37,841,783
37,827,764
37,875,758
37,896,761
37,918,761
37,966,774
37,917,768
37,896,769
37,874,765
37,856,666
37,877,673
37,899,680
37,920,676
37,941,672
38,645,753
38,665,816
38,702,869
38,757,912
38,820,941
38,887,951
38,953,945
38,1012,913
38,1059,868
38,1090,813
38,1107,752
38,809,765
38,842,741
38,874,728
38,896,734
38,918,731
38,947,748
38,977,777
38,946,797
38,915,802
38,893,801
38,870,798
38,840,789
38,826,766
38,873,747
38,895,750
38,916,752
38,961,775
38,916,775
38,895,775
38,873,772
38,855,664
38,877,672
38,899,678
38,920,675
38,942,669
39,643,744
39,664,806
39,701,862
39,754,908
39,817,943
39,886,957
39,954,949
39,1014,916
39,1060,869
39,1091,813
39,1108,753
39,813,766
39,843,740
39,875,727
39,895,735
39,916,731
39,944,750
39,973,779
39,942,801
39,913,808
39,890,808
39,868,804
39,840,792
39,830,767
39,873,758
39,894,761
39,915,762
39,956,777
39,914,777
39,893,778
39,872,774
39,857,665
39,877,672
39,899,678
39,919,676
39,939,672
40,644,749
40,667,813
40,706,869
40,760,916
40,820,951
40,886,963
40,952,954
40,1009,917
40,1055,869
40,1086,812
40,1104,750
40,808,770
40,839,742
40,874,728
40,894,734
40,915,731
40,944,751
40,969,784
40,941,811
40,911,820
40,889,819
40,866,815
40,835,801
40,826,771
40,872,759
40,893,761
40,913,762
40,952,782
40,912,788
40,891,787
40,870,783
40,856,664
40,876,672
40,898,677
40,918,675
40,938,671
41,644,753
41,665,816
41,704,871
41,757,920
41,819,955
41,887,970
41,954,960
41,1011,921
41,1056,869
41,1087,811
41,1106,750
41,807,770
41,838,740
41,873,727
41,896,734
41,918,731
41,951,750
41,975,784
41,948,819
41,915,830
41,891,829
41,865,824
41,833,808
41,824,771
41,871,756
41,895,758
41,916,760
41,959,783
41,916,798
41,893,797
41,869,792
41,856,663
41,877,671
41,898,678
41,918,675
41,938,671
42,645,752
42,666,816
42,704,872
42,755,923
42,814,964
42,882,979
42,950,969
42,1007,928
42,1051,876
42,1083,820
42,1104,760
42,807,775
42,835,740
42,872,725
42,895,732
42,919,728
42,951,749
42,973,788
42,947,824
42,915,837
42,889,837
42,863,832
42,830,814
42,823,776
42,870,756
42,894,758
42,917,760
42,956,787
42,916,798
42,891,798
42,867,793
42,855,665
42,876,671
42,897,677
42,918,674
42,938,671
43,646,755
43,668,818
43,707,875
43,758,926
43,819,967
43,888,981
43,956,970
43,1012,927
43,1055,873
43,1085,815
43,1105,753
43,804,777
43,835,744
43,872,729
43,897,736
43,922,732
43,953,752
43,978,789
43,950,828
43,918,840
43,891,841
43,864,837
43,830,820
43,822,778
43,870,759
43,895,762
43,920,763
43,960,788
43,919,802
43,894,803
43,868,798
43,857,665
43,878,673
43,900,679
43,920,676
43,940,673
44,644,750
44,666,814
44,706,872
44,758,922
44,819,960
44,886,974
44,953,963
44,1010,923
44,1056,871
44,1088,814
44,1106,752
44,808,776
44,840,751
44,876,739
44,898,746
44,919,742
44,950,758
44,974,788
44,947,819
44,916,829
44,892,829
44,869,826
44,836,810
44,825,778
44,874,768
44,896,770
44,918,771
44,958,787
44,917,796
44,895,796
44,873,792
44,858,666
44,879,674
44,900,680
44,920,676
44,939,673
45,645,757
45,667,821
45,706,877
45,759,922
45,822,954
45,888,964
45,953,956
45,1009,924
45,1055,876
45,1086,821
45,1104,759
45,802,771
45,840,755
45,878,746
45,901,752
45,923,746
45,956,759
45,988,781
45,955,803
45,923,808
45,899,809
45,874,807
45,838,799
45,819,774
45,876,770
45,900,771
45,922,770
45,972,781
45,923,785
45,900,786
45,877,783
45,858,669
45,880,676
45,902,683
45,922,678
45,943,674
46,646,751
46,669,815
46,708,869
46,763,915
46,826,947
46,894,957
46,959,948
46,1016,914
46,1061,866
46,1092,811
46,1109,752
46,802,768
46,841,753
46,879,745
46,902,750
46,925,745
46,958,756
46,992,776
46,959,797
46,925,803
46,901,804
46,875,801
46,839,792
46,818,771
46,877,770
46,901,772
46,924,770
46,976,776
46,925,780
46,902,782
46,878,778
46,859,672
46,880,679
46,903,685
46,923,681
46,943,676
47,651,754
47,674,817
47,714,871
47,770,914
47,832,944
47,896,955
47,958,946
47,1014,914
47,1061,868
47,1092,813
47,1110,751
47,808,766
47,844,752
47,879,745
47,902,751
47,925,746
47,957,756
47,989,774
47,957,798
47,924,806
47,900,807
47,876,804
47,842,793
47,825,770
47,878,768
47,901,771
47,924,769
47,974,775
47,924,777
47,901,779
47,879,775
47,860,670
47,882,677
47,903,683
47,924,679
47,945,674
48,651,748
48,676,810
48,717,863
48,773,906
48,835,940
48,902,950
48,967,940
48,1024,904
48,1068,858
48,1096,802
48,1113,743
48,814,765
48,848,747
48,882,736
48,903,743
48,925,738
48,956,752
48,987,775
48,957,802
48,926,812
48,902,812
48,879,809
48,846,796
48,831,769
48,881,766
48,903,769
48,924,768
48,970,776
48,925,779
48,903,779
48,882,776
48,861,669
48,882,675
48,903,680
48,923,677
48,943,675
49,652,755
49,678,816
49,719,867
49,774,908
49,833,941
49,897,952
49,958,943
49,1013,908
49,1059,863
49,1091,811
49,1110,753
49,817,765
49,847,741
49,879,728
49,899,735
49,920,731
49,950,749
49,978,777
49,950,804
49,920,812
49,897,811
49,875,807
49,845,794
49,836,766
49,878,759
49,898,762
49,919,763
49,961,776
49,919,774
49,899,772
49,878,768
49,860,664
49,881,672
49,903,678
49,923,675
49,943,669
50,650,755
50,675,815
50,716,867
50,772,908
50,834,941
50,899,951
50,961,944
50,1018,910
50,1065,865
50,1096,811
50,1114,751
50,819,764
50,852,743
50,884,730
50,903,736
50,924,733
50,953,750
50,982,773
50,953,798
50,924,806
50,902,806
50,881,804
50,850,791
50,837,766
50,883,758
50,902,760
50,923,760
50,965,773
50,923,775
50,903,775
50,883,771
50,861,667
50,883,674
50,905,680
50,924,677
50,944,672
51,647,744
51,669,808
51,708,863
51,764,909
51,828,941
51,894,952
51,958,944
51,1015,909
51,1064,863
51,1096,809
51,1113,748
51,818,764
51,850,744
51,883,732
51,903,738
51,923,734
51,951,749
51,979,772
51,951,796
51,923,805
51,901,806
51,880,803
51,849,790
51,836,765
51,881,759
51,901,762
51,921,761
51,962,772
51,923,774
51,903,776
51,883,772
51,861,665
51,883,673
51,905,680
51,925,676
51,945,670
52,649,749
52,670,813
52,709,868
52,765,912
52,829,943
52,895,955
52,957,947
52,1015,914
52,1062,868
52,1093,813
52,1111,752
52,816,764
52,850,746
52,883,735
52,903,741
52,923,737
52,953,752
52,982,772
52,951,796
52,922,805
52,900,806
52,879,803
52,847,790
52,833,766
52,882,761
52,902,764
52,922,763
52,966,773
52,922,774
52,902,775
52,881,772
52,860,666
52,883,674
52,905,680
52,926,677
52,946,673
53,649,752
53,670,814
53,709,867
53,764,911
53,826,943
53,893,956
53,957,947
53,1013,914
53,1060,869
53,1092,816
53,1111,756
53,813,763
53,846,744
53,881,733
53,901,739
53,921,736
53,951,751
53,981,774
53,950,798
53,920,806
53,898,807
53,876,803
53,844,790
53,830,766
53,879,760
53,900,763
53,920,763
53,964,774
53,920,776
53,900,777
53,879,773
53,861,666
53,883,674
53,905,680
53,925,677
53,945,672
54,647,750
54,670,813
54,708,866
54,764,909
54,826,942
54,893,953
54,957,942
54,1013,906
54,1060,861
54,1092,808
54,1111,749
54,815,764
54,847,743
54,882,732
54,902,739
54,923,735
54,952,750
54,981,773
54,951,797
54,920,806
54,899,806
54,876,803
54,845,791
54,832,765
54,880,758
54,901,761
54,921,761
54,965,772
54,921,776
54,901,776
54,880,773
54,861,665
54,882,673
54,904,679
54,924,675
54,945,671
55,647,751
55,670,812
55,710,865
55,765,909
55,830,941
55,899,951
55,965,942
55,1021,908
55,1066,861
55,1096,806
55,1113,747
55,814,765
55,847,741
55,882,730
55,903,737
55,925,733
55,956,749
55,984,776
55,955,804
55,924,813
55,901,813
55,878,809
55,845,795
55,832,767
55,880,758
55,902,761
55,923,761
55,967,776
55,924,782
55,902,782
55,881,778
55,860,667
55,882,674
55,904,680
55,924,677
55,944,674
56,650,752
56,673,814
56,711,866
56,765,909
56,829,940
56,896,951
56,960,943
56,1017,910
56,1064,865
56,1095,811
56,1112,752
56,812,763
56,844,742
56,879,730
56,901,737
56,925,733
56,956,748
56,984,773
56,955,799
56,924,808
56,899,808
56,874,805
56,842,792
56,829,766
56,877,760
56,900,762
56,924,762
56,968,774
56,924,776
56,900,777
56,877,773
56,859,666
56,882,674
56,905,681
56,926,677
56,946,672
57,651,751
57,672,814
57,711,866
57,765,909
57,828,937
57,896,945
57,961,936
57,1017,904
57,1064,859
57,1094,805
57,1111,745
57,810,761
57,847,746
57,883,738
57,905,743
57,928,738
57,959,747
57,992,766
57,960,788
57,928,795
57,904,796
57,880,794
57,846,787
57,826,765
57,881,763
57,905,764
57,927,763
57,977,767
57,928,769
57,905,771
57,882,768
57,861,666
57,882,673
57,905,679
57,926,675
57,947,670
58,650,753
58,672,816
58,712,869
58,768,910
58,829,938
58,895,945
58,957,936
58,1014,905
58,1061,861
58,1093,808
58,1111,749
58,808,758
58,846,744
58,883,735
58,907,741
58,930,735
58,961,745
58,993,764
58,961,786
58,929,793
58,904,795
58,880,793
58,844,784
58,823,761
58,882,759
58,905,761
58,929,759
58,978,765
58,929,768
58,905,770
58,882,767
58,860,666
58,883,673
58,906,679
58,927,675
58,949,670
59,646,744
59,667,806
59,705,861
59,759,905
59,822,937
59,891,948
59,958,940
59,1017,907
59,1064,862
59,1094,810
59,1112,751
59,809,759
59,847,745
59,881,736
59,903,742
59,924,738
59,954,749
59,985,767
59,954,790
59,923,797
59,900,798
59,877,796
59,844,785
59,825,763
59,880,764
59,901,766
59,923,765
59,971,768
59,923,770
59,902,771
59,880,767
59,860,667
59,881,674
59,903,680
59,923,677
59,943,674
60,647,748
60,670,812
60,710,867
60,764,912
60,825,945
60,890,956
60,955,946
60,1012,911
60,1060,864
60,1092,810
60,1111,751
60,810,765
60,844,746
60,879,735
60,900,742
60,922,737
60,951,753
60,979,775
60,949,803
60,919,811
60,896,811
60,873,808
60,841,796
60,827,768
60,877,763
60,899,765
60,920,766
60,963,776
60,920,782
60,898,782
60,876,779
60,860,666
60,880,673
60,901,678
60,921,675
60,941,672
61,649,752
61,671,815
61,708,869
61,761,915
61,823,947
61,889,957
61,953,949
61,1010,916
61,1057,870
61,1090,817
61,1110,758
61,808,768
61,841,743
61,877,730
61,899,736
61,922,733
61,953,751
61,979,779
61,950,813
61,918,824
61,893,824
61,869,819
61,837,804
61,825,771
61,875,758
61,898,761
61,920,762
61,962,779
61,919,789
61,896,789
61,873,785
61,859,666
61,880,673
61,901,679
61,921,676
61,941,673
62,646,749
62,666,811
62,703,866
62,758,912
62,820,945
62,887,958
62,951,949
62,1009,915
62,1057,868
62,1088,815
62,1107,755
62,804,765
62,838,738
62,874,724
62,897,731
62,920,728
62,952,747
62,981,777
62,950,812
62,918,824
62,893,824
62,869,820
62,835,804
62,821,769
62,873,755
62,895,758
62,918,758
62,965,778
62,918,789
62,895,788
62,872,784
62,858,665
62,879,671
62,900,676
62,920,674
62,939,671
63,646,753
63,667,815
63,706,869
63,761,913
63,822,947
63,890,959
63,954,949
63,1012,912
63,1059,866
63,1091,813
63,1110,753
63,803,766
63,837,740
63,875,726
63,897,733
63,920,730
63,952,749
63,979,778
63,948,814
63,916,825
63,891,824
63,866,820
63,833,803
63,820,770
63,873,757
63,895,759
63,918,760
63,962,779
63,916,791
63,893,790
63,871,785
63,857,666
63,879,673
63,900,679
63,920,676
63,941,674
64,648,748
64,669,813
64,708,868
64,763,915
64,826,949
64,893,958
64,957,947
64,1014,911
64,1059,865
64,1091,811
64,1110,752
64,805,768
64,837,739
64,873,725
64,897,733
64,920,729
64,952,748
64,980,780
64,950,816
64,917,828
64,892,829
64,866,824
64,833,807
64,821,770
64,872,755
64,895,757
64,918,758
64,963,780
64,918,793
64,894,794
64,870,788
64,857,666
64,879,673
64,901,679
64,921,676
64,941,672
65,646,750
65,668,812
65,705,868
65,759,913
65,819,947
65,887,959
65,954,950
65,1011,916
65,1059,871
65,1091,817
65,1109,757
65,808,766
65,837,737
65,872,723
65,894,729
65,916,727
65,949,746
65,977,780
65,947,815
65,914,827
65,889,826
65,865,821
65,833,803
65,824,768
65,870,748
65,893,750
65,915,752
65,961,779
65,914,792
65,891,792
65,869,787
65,857,664
65,878,672
65,899,678
65,920,675
65,941,672
66,646,754
66,668,816
66,707,869
66,762,913
66,822,946
66,889,958
66,954,949
66,1010,917
66,1057,872
66,1089,819
66,1107,759
66,807,766
66,838,738
66,873,724
66,896,731
66,920,728
66,951,748
66,978,781
66,948,810
66,916,818
66,890,818
66,865,813
66,833,799
66,824,768
66,871,752
66,895,755
66,918,757
66,960,780
66,917,784
66,893,784
66,870,779
66,858,665
66,879,673
66,900,679
66,920,676
66,940,672
67,647,755
67,668,817
67,705,869
67,758,910
67,820,940
67,887,950
67,951,944
67,1008,915
67,1056,872
67,1088,821
67,1106,762
67,807,760
67,839,735
67,873,723
67,895,729
67,918,727
67,949,745
67,977,775
67,946,798
67,915,803
67,891,802
67,867,798
67,836,787
67,824,762
67,872,743
67,894,746
67,917,748
67,961,774
67,915,776
67,893,775
67,870,771
67,857,664
67,878,672
67,900,679
67,920,676
67,940,672
68,645,754
68,668,815
68,708,866
68,762,906
68,824,935
68,890,943
68,953,936
68,1009,907
68,1057,866
68,1089,815
68,1108,757
68,808,756
68,843,735
68,877,723
68,898,729
68,919,727
68,949,744
68,981,770
68,947,789
68,916,794
68,894,793
68,871,790
68,840,780
68,825,758
68,876,744
68,897,747
68,917,749
68,965,769
68,917,768
68,896,767
68,875,764
68,859,664
68,880,671
68,901,677
68,922,675
68,942,671
69,645,750
69,667,812
69,705,864
69,760,903
69,823,932
69,890,942
69,954,937
69,1012,910
69,1060,869
69,1091,817
69,1109,758
69,811,755
69,846,735
69,880,724
69,900,730
69,921,727
69,952,744
69,985,767
69,951,782
69,919,785
69,897,785
69,875,782
69,844,774
69,829,757
69,878,747
69,899,751
69,920,751
69,969,766
69,920,759
69,899,759
69,878,755
69,858,664
69,881,671
69,902,677
69,922,674
69,943,670
70,646,749
70,666,811
70,704,863
70,761,903
70,825,931
70,893,939
70,957,933
70,1015,906
70,1062,865
70,1092,813
70,1110,754
70,808,754
70,844,736
70,878,726
70,899,732
70,921,729
70,952,745
70,985,767
70,951,781
70,918,784
70,896,782
70,874,780
70,842,772
70,825,757
70,876,749
70,898,752
70,919,753
70,969,766
70,919,757
70,898,757
70,877,754
70,858,667
70,880,673
70,901,679
70,921,676
70,941,674
71,647,751
71,669,813
71,708,864
71,764,903
71,828,930
71,896,938
71,961,931
71,1017,904
71,1065,864
71,1095,814
71,1111,756
71,815,756
71,848,736
71,880,726
71,900,732
71,921,729
71,950,745
71,981,769
71,949,784
71,920,786
71,898,785
71,876,782
71,846,774
71,832,757
71,879,750
71,899,753
71,919,753
71,966,767
71,920,759
71,900,758
71,879,755
71,859,665
71,881,673
71,902,678
71,921,676
71,941,673
72,647,751
72,668,813
72,706,864
72,762,904
72,828,930
72,896,938
72,961,931
72,1021,902
72,1068,861
72,1097,808
72,1113,749
72,814,757
72,850,738
72,884,728
72,904,735
72,924,731
72,956,747
72,989,770
72,954,787
72,922,789
72,900,789
72,878,786
72,847,777
72,831,758
72,882,751
72,903,755
72,923,755
72,973,769
72,923,763
72,902,763
72,881,759
72,859,666
72,881,673
72,904,680
72,924,676
72,946,672
73,650,754
73,674,814
73,715,864
73,771,902
73,834,928
73,899,938
73,963,931
73,1019,900
73,1066,858
73,1097,807
73,1115,748
73,812,758
73,848,737
73,881,726
73,902,732
73,924,728
73,955,745
73,986,769
73,953,787
73,922,792
73,899,792
73,877,789
73,845,780
73,830,759
73,880,747
73,901,750
73,922,750
73,969,768
73,922,766
73,900,767
73,879,763
73,860,668
73,881,675
73,903,681
73,924,678
73,945,674
74,649,751
74,671,812
74,709,863
74,764,902
74,826,932
74,894,941
74,958,935
74,1014,905
74,1062,865
74,1093,815
74,1110,756
74,811,758
74,845,737
74,878,726
74,899,732
74,920,730
74,951,746
74,983,771
74,950,790
74,918,795
74,897,794
74,874,791
74,843,782
74,829,760
74,877,747
74,898,750
74,919,751
74,967,770
74,919,769
74,898,768
74,877,765
74,857,665
74,880,673
74,902,678
74,923,675
74,944,671
75,646,745
75,667,806
75,708,857
75,765,896
75,828,926
75,893,938
75,957,930
75,1015,901
75,1064,860
75,1095,808
75,1112,751
75,810,758
75,845,739
75,878,728
75,899,735
75,921,730
75,953,747
75,984,770
75,951,791
75,920,797
75,897,797
75,874,794
75,843,784
75,827,761
75,877,756
75,898,759
75,921,758
75,969,769
75,920,768
75,898,769
75,876,765
75,858,667
75,879,675
75,901,681
75,921,678
75,941,674
76,646,745
76,668,808
76,707,860
76,764,899
76,829,927
76,897,936
76,962,930
76,1021,901
76,1068,860
76,1097,807
76,1114,748
76,811,754
76,846,739
76,880,730
76,902,737
76,924,733
76,957,747
76,989,767
76,957,786
76,925,790
76,901,790
76,878,787
76,845,777
76,827,758
76,879,757
76,901,760
76,924,759
76,974,767
76,924,764
76,902,764
76,880,760
76,858,667
76,880,674
76,903,681
76,924,678
76,945,674
77,646,745
77,668,807
77,708,858
77,765,897
77,829,924
77,897,932
77,963,925
77,1020,895
77,1068,856
77,1097,804
77,1114,745
77,810,756
77,845,741
77,879,732
77,901,738
77,922,734
77,954,747
77,985,766
77,954,782
77,923,787
77,901,787
77,877,785
77,844,777
77,826,759
77,877,758
77,900,761
77,922,759
77,971,766
77,923,762
77,901,763
77,879,760
77,859,665
77,882,673
77,904,679
77,924,675
77,945,671
78,648,745
78,669,807
78,710,858
78,767,898
78,831,924
78,899,931
78,963,924
78,1020,894
78,1069,852
78,1099,800
78,1115,741
78,809,754
78,846,741
78,881,733
78,903,739
78,924,734
78,957,746
78,989,763
78,957,782
78,925,787
78,902,788
78,879,785
78,845,777
78,824,757
78,879,757
78,902,760
78,924,759
78,975,764
78,925,761
78,903,762
78,880,759
78,858,666
78,881,673
78,903,680
78,923,676
78,944,672
79,647,746
79,670,807
79,711,856
79,768,894
79,830,921
79,897,928
79,960,921
79,1016,890
79,1064,851
79,1096,802
79,1114,744
79,805,751
79,843,740
79,879,730
79,901,736
79,922,731
79,955,744
79,988,760
79,954,778
79,923,785
79,900,785
79,876,782
79,842,774
79,821,755
79,878,756
79,900,759
79,922,758
79,972,761
79,922,756
79,901,757
79,878,754
79,857,668
79,880,674
79,903,679
79,924,676
79,946,673
80,649,749
80,672,809
80,713,857
80,770,893
80,834,919
80,900,926
80,965,920
80,1021,891
80,1069,852
80,1099,802
80,1115,744
80,808,753
80,844,739
80,878,730
80,902,737
80,926,733
80,957,745
80,990,762
80,958,780
80,927,784
80,902,785
80,877,782
80,843,774
80,824,756
80,877,756
80,902,759
80,925,758
80,976,763
80,927,757
80,903,758
80,878,755
80,859,666
80,882,672
80,904,679
80,925,675
80,946,672
81,648,750
81,671,811
81,713,858
81,771,893
81,834,917
81,901,926
81,965,919
81,1022,890
81,1070,849
81,1099,798
81,1115,741
81,806,752
81,844,739
81,880,730
81,903,736
81,926,731
81,959,744
81,993,763
81,959,780
81,928,783
81,903,783
81,879,781
81,843,774
81,822,756
81,879,755
81,903,758
81,926,757
81,978,763
81,927,758
81,904,759
81,880,756
81,859,666
81,882,672
81,905,678
81,925,674
81,947,670
82,649,752
82,672,813
82,713,860
82,769,896
82,833,920
82,899,928
82,962,921
82,1019,895
82,1067,856
82,1096,806
82,1112,749
82,811,753
82,846,739
82,880,730
82,903,736
82,926,732
82,958,745
82,992,764
82,958,781
82,926,784
82,901,784
82,877,781
82,845,774
82,827,756
82,879,755
82,902,758
82,925,757
82,977,764
82,926,758
82,903,759
82,879,756
82,858,668
82,881,675
82,903,680
82,924,678
82,945,675
83,646,744
83,667,805
83,706,855
83,762,893
83,825,918
83,892,927
83,956,921
83,1014,894
83,1063,855
83,1094,806
83,1110,748
83,805,751
83,841,738
83,876,730
83,900,736
83,923,732
83,953,744
83,985,762
83,952,778
83,921,782
83,897,782
83,873,779
83,839,771
83,820,754
83,875,754
83,898,756
83,922,756
83,970,762
83,922,755
83,899,756
83,875,753
83,857,665
83,879,673
83,903,679
83,924,675
83,945,671
84,646,749
84,667,809
84,708,857
84,765,895
84,828,921
84,897,928
84,964,920
84,1022,892
84,1071,851
84,1100,802
84,1114,745
84,808,754
84,843,740
84,877,730
84,900,736
84,922,731
84,953,744
84,985,763
84,953,778
84,923,782
84,899,783
84,875,781
84,842,774
84,823,756
84,876,756
84,899,758
84,922,757
84,971,763
84,922,755
84,900,756
84,877,753
84,858,667
84,880,674
84,902,679
84,922,675
84,944,671
85,644,746
85,665,807
85,705,856
85,762,892
85,826,917
85,894,926
85,958,921
85,1016,893
85,1065,854
85,1095,806
85,1112,749
85,809,754
85,844,740
85,878,730
85,900,736
85,921,731
85,953,745
85,985,765
85,953,781
85,922,784
85,899,784
85,876,782
85,843,775
85,824,756
85,877,755
85,899,757
85,921,757
85,971,764
85,922,758
85,900,757
85,878,755
85,857,667
85,880,674
85,903,681
85,923,677
85,943,673
86,648,748
86,671,808
86,712,857
86,769,892
86,831,918
86,897,925
86,961,918
86,1018,889
86,1066,850
86,1097,801
86,1114,744
86,809,753
86,845,739
86,879,729
86,901,736
86,922,731
86,953,744
86,986,761
86,954,778
86,923,783
86,900,784
86,877,781
86,844,774
86,826,755
86,878,754
86,900,757
86,922,755
86,972,762
86,922,756
86,901,757
86,879,754
86,858,667
86,881,674
86,903,679
86,923,676
86,943,671
87,646,748
87,667,808
87,708,857
87,765,893
87,829,918
87,896,925
87,961,919
87,1019,895
87,1067,857
87,1095,809
87,1111,752
87,806,754
87,842,740
87,876,730
87,899,736
87,922,732
87,954,745
87,987,765
87,954,780
87,922,783
87,898,783
87,874,780
87,841,773
87,821,756
87,875,754
87,898,757
87,921,756
87,973,764
87,922,757
87,899,758
87,876,755
87,856,667
87,879,674
87,902,679
87,923,676
87,944,673
88,645,741
88,665,802
88,704,853
88,761,891
88,825,919
88,894,926
88,961,920
88,1020,893
88,1069,852
88,1099,802
88,1114,744
88,806,751
88,845,739
88,880,730
88,902,737
88,925,732
88,958,745
88,994,761
88,957,778
88,924,782
88,900,782
88,877,780
88,843,772
88,821,755
88,878,754
88,901,757
88,924,756
88,979,762
88,925,756
88,902,757
88,879,753
88,858,669
88,880,675
88,903,681
88,923,677
88,945,675
89,650,753
89,672,812
89,712,859
89,767,895
89,829,918
89,896,926
89,960,922
89,1018,896
89,1065,857
89,1095,808
89,1112,751
89,810,754
89,845,738
89,879,730
89,902,736
89,925,732
89,957,744
89,989,765
89,956,780
89,924,784
89,900,784
89,876,781
89,844,773
89,825,756
89,878,753
89,901,756
89,924,756
89,975,764
89,925,758
89,902,758
89,879,755
89,859,667
89,881,674
89,904,680
89,924,676
89,945,672
90,648,753
90,671,812
90,711,860
90,767,895
90,828,920
90,893,928
90,955,924
90,1013,900
90,1062,864
90,1093,815
90,1110,758
90,807,754
90,844,738
90,877,729
90,899,736
90,921,731
90,952,746
90,985,765
90,951,780
90,920,783
90,897,784
90,874,780
90,842,773
90,823,756
90,876,754
90,898,757
90,920,756
90,971,765
90,921,757
90,899,757
90,876,754
90,858,669
90,880,675
90,902,681
90,922,678
90,943,674
91,648,748
91,671,809
91,712,858
91,769,896
91,833,921
91,901,927
91,964,919
91,1020,893
91,1067,854
91,1096,805
91,1112,748
91,807,754
91,843,739
91,878,730
91,901,737
91,924,732
91,957,745
91,992,763
91,958,780
91,925,783
91,901,784
91,877,781
91,843,774
91,823,756
91,877,754
91,901,756
91,924,756
91,977,764
91,925,758
91,902,758
91,879,755
91,858,670
91,880,676
91,902,681
91,923,679
91,944,676
92,648,749
92,670,810
92,709,859
92,764,895
92,828,918
92,895,924
92,959,919
92,1017,895
92,1066,858
92,1096,808
92,1112,749
92,809,753
92,845,738
92,878,729
92,902,736
92,925,732
92,957,744
92,991,763
92,957,778
92,925,781
92,901,781
92,876,779
92,844,772
92,824,756
92,877,754
92,901,757
92,925,756
92,977,763
92,925,756
92,902,757
92,878,753
92,859,666
92,882,673
92,904,680
92,925,676
92,946,672
93,649,750
93,673,809
93,714,857
93,770,892
93,833,917
93,900,924
93,964,918
93,1022,891
93,1069,852
93,1099,803
93,1116,745
93,812,755
93,847,739
93,879,729
93,900,735
93,921,731
93,952,746
93,986,765
93,952,780
93,922,784
93,899,784
93,877,781
93,845,773
93,828,757
93,878,754
93,900,756
93,921,756
93,971,764
93,921,756
93,900,757
93,879,754
93,859,667
93,882,673
93,904,679
93,924,676
93,944,673
94,650,754
94,674,813
94,713,860
94,768,894
94,830,918
94,896,924
94,959,917
94,1015,890
94,1063,851
94,1094,803
94,1110,745
94,809,754
94,844,738
94,878,729
94,902,736
94,925,732
94,955,745
94,987,766
94,954,779
94,923,781
94,900,781
94,875,778
94,843,773
94,825,756
94,876,754
94,901,757
94,924,757
94,973,765
94,924,755
94,901,755
94,877,752
94,857,666
94,880,673
94,903,679
94,924,675
94,945,672
95,648,749
95,670,809
95,710,858
95,767,894
95,830,920
95,896,926
95,960,921
95,1017,893
95,1063,854
95,1094,805
95,1111,748
95,807,753
95,845,737
95,879,728
95,903,734
95,926,730
95,958,744
95,991,765
95,957,780
95,925,784
95,900,784
95,876,781
95,843,774
95,824,756
95,878,753
95,901,756
95,925,756
95,977,765
95,925,757
95,902,757
95,878,754
95,859,667
95,881,674
95,903,680
95,923,676
95,944,673
96,645,743
96,666,803
96,705,853
96,760,891
96,824,918
96,892,925
96,958,921
96,1017,895
96,1066,857
96,1096,809
96,1112,753
96,806,753
96,844,739
96,878,729
96,901,735
96,923,730
96,953,744
96,987,764
96,952,778
96,922,781
96,898,781
96,875,778
96,842,772
96,822,756
96,877,753
96,900,757
96,922,756
96,972,763
96,922,755
96,900,756
96,877,752
96,857,667
96,880,675
96,903,681
96,924,677
96,945,672
97,647,749
97,669,809
97,708,857
97,764,893
97,827,920
97,893,928
97,957,922
97,1014,895
97,1063,859
97,1094,811
97,1111,754
97,806,752
97,842,738
97,876,729
97,899,736
97,922,731
97,953,744
97,986,764
97,953,778
97,922,781
97,898,780
97,873,778
97,841,770
97,821,755
97,874,753
97,898,756
97,921,755
97,972,763
97,922,755
97,899,755
97,875,752
97,857,668
97,879,674
97,902,679
97,922,676
97,943,673
98,646,747
98,667,808
98,707,857
98,765,894
98,829,920
98,897,927
98,961,922
98,1019,895
98,1067,856
98,1096,806
98,1111,750
98,807,753
98,843,737
98,877,728
98,900,734
98,923,730
98,954,744
98,988,763
98,954,780
98,923,782
98,899,782
98,875,780
98,842,773
98,823,755
98,876,753
98,899,756
98,922,755
98,974,763
98,923,756
98,900,756
98,877,752
98,857,668
98,879,674
98,903,679
98,923,677
98,945,674
99,648,745
99,670,806
99,711,856
99,768,892
99,834,918
99,901,925
99,966,920
99,1024,892
99,1070,853
99,1098,802
99,1115,745
99,809,754
99,846,738
99,879,729
99,902,735
99,924,731
99,956,745
99,990,765
99,955,781
99,924,784
99,901,783
99,877,780
99,845,773
99,824,756
99,878,754
99,901,757
99,923,757
99,975,764
99,924,756
99,902,756
99,879,752
99,858,669
99,881,674
99,903,679
99,923,677
99,944,675
